{"Красная хуйня":{"rz":1.7999000549316,"sz":2.8819000720978,"pz":-0.093900002539158,"bone":13,"sx":3.1710000038147,"px":0.64700001478195,"rx":57,"c2":false,"py":-0.060899998992682,"sy":2.8480000495911,"ry":-177.19999694824,"c1":false,"model":328},"Кейс для гитары":{"rz":-11.799900054932,"sz":8.2649002075195,"pz":0.05290000140667,"bone":13,"sx":1,"px":0.32800000905991,"rx":0,"py":-0.15090000629425,"sy":6.688000202179,"ry":97,"model":18868},"Кейс \"дискета\"":{"rz":174.59989929199,"sz":0.98400002717972,"pz":-0.032900001853704,"bone":13,"sx":1.1068999767303,"px":0.66000002622604,"rx":59.299999237061,"py":0.025000000372529,"sy":4.7248997688293,"ry":-79.800003051758,"model":1277},"Чемодан":{"rz":0,"sz":1,"pz":0.029999999329448,"bone":5,"sx":1,"px":0.10800000280142,"rx":0,"py":0.023000000044703,"sy":1,"ry":-89.999992370605,"model":19624},"Анимированный кейс (мигалки)":{"rz":116.59989929199,"sz":4.0798997879028,"pz":0,"bone":13,"sx":2.1048998832703,"px":0.63389998674393,"rx":-6,"py":-0.017899999395013,"sy":2.9109001159668,"ry":-85.89990234375,"model":19797},"Кейс \"диско\"":{"rz":-95.39990234375,"sz":3.4098999500275,"pz":-0.021900000050664,"bone":13,"sx":0.023000000044703,"px":0.64300000667572,"rx":-114.49990081787,"py":0.0098999999463558,"sy":0.19300000369549,"ry":-98.5,"model":19128},"Стандартный кейс":{"rz":0,"sz":1,"pz":0,"bone":5,"sx":1,"px":0.29999899864197,"rx":0,"py":0.099999003112316,"sy":1,"ry":-83,"model":1210},"Кейс \"вывеска\"":{"rz":170.69979858398,"sz":0.64090001583099,"pz":-0.036899998784065,"bone":13,"sx":0.11789999902248,"px":0.89800000190735,"rx":55.5,"py":0.047899998724461,"sy":0.68089997768402,"ry":-77.599899291992,"model":7313},"Сумка для ноутбука":{"rz":85.300010681152,"sz":1.2519990205765,"pz":0.029999999329448,"bone":5,"sx":0.20799900591373,"px":0.266999989748,"rx":-2.5999989509583,"py":0.026999000459909,"sy":1,"ry":-96.299926757813,"model":11745},"Красный кейс":{"rz":-75.89998626709,"sz":0.60199898481369,"pz":-0.044998999685049,"bone":5,"sx":0.87099999189377,"px":0.1140000000596,"rx":93.100112915039,"py":0.040998999029398,"sy":0.89899998903275,"ry":-12.099985122681,"model":19921}}
